{
    "current": {
        "top_ratio": 1.0,
        "slots": [
            [
                0.025477707006369428,
                0.08421052631578947,
                0.21656050955414013,
                0.7157894736842105
            ],
            [
                0.2484076433121019,
                0.08421052631578947,
                0.4394904458598726,
                0.7157894736842105
            ],
            [
                0.4713375796178344,
                0.08421052631578947,
                0.6624203821656051,
                0.7157894736842105
            ]
        ],
        "decimal_after": null
    },
    "depth": {
        "top_ratio": 1.0,
        "slots": [
            [
                0.0,
                0.0625,
                0.18333333333333332,
                0.8125
            ],
            [
                0.13333333333333333,
                0.0625,
                0.35,
                0.8125
            ],
            [
                0.7,
                0.0625,
                0.925,
                0.8125
            ]
        ],
        "decimal_after": null
    },
    "intensity": {
        "top_ratio": 1.0,
        "slots": [
            [
                0.025,
                0.07142857142857142,
                0.275,
                0.7857142857142857
            ],
            [
                0.35,
                0.07142857142857142,
                0.55,
                0.7857142857142857
            ]
        ],
        "decimal_after": 1
    }
}